{"b29root": [[100.0, 0.0], [94.99514, 0.9887], [89.98927, 2.07728], [79.97553, 4.45423], [69.96058, 6.95104], [59.94664, 9.34796], [49.93711, 11.30538], [39.9349, 12.5336], [29.94312, 12.72298], [24.9524, 12.30325], [19.96558, 11.49395], [14.98328, 10.23515], [10.0057, 8.50687], [7.51941, 7.39301], [5.03554, 6.03942], [2.55597, 4.2563], [1.32, 2.98517], [0.82707, 2.33088], [0.0, 0.0], [0.6114, -2.08973], [0.62188, -2.10669], [0.87532, -2.47377], [1.38088, -3.07807], [2.64052, -4.16431], [5.15127, -5.48774], [7.65762, -6.37165], [10.16176, -7.03581], [15.16652, -8.01452], [20.16828, -8.69356], [25.16733, -9.1029], [30.16387, -9.26252], [40.15163, -9.05235], [50.13438, -8.34273], [60.11363, -7.28351], [70.08976, -5.91463], [80.06328, -4.28603], [90.0338, -2.35778], [95.0174, -1.22883], [100.0, 0.0]], "b737b": [[100.0, 0.04], [90.21, 1.42], [82.66, 2.33], [70.03, 3.88], [60.01, 5.12], [55.25, 5.67], [51.01, 6.14], [45.47, 6.67], [40.75, 7.05], [36.02, 7.34], [29.72, 7.56], [25.0, 7.61], [20.8, 7.56], [15.13, 7.28], [9.96, 6.66], [7.36, 6.13], [5.3, 5.52], [2.29, 4.08], [1.29, 3.32], [0.75, 2.75], [0.47, 2.36], [0.26, 1.98], [0.0, 0.88], [0.21, 0.04], [0.51, -0.37], [0.78, -0.62], [1.39, -1.03], [2.3, -1.47], [5.09, -2.44], [7.25, -3.01], [9.61, -3.52], [15.13, -4.32], [20.8, -4.77], [25.0, -4.93], [30.95, -5.0], [34.49, -4.98], [39.81, -4.86], [45.12, -4.63], [50.66, -4.28], [54.9, -3.97], [59.66, -3.57], [68.89, -2.75], [85.05, -1.31], [93.13, -0.6], [100.0, -0.04]], "gm15sm": [[100.0, 0.006], [99.754, 0.114], [99.07, 0.356], [98.037, 0.616], [96.698, 0.865], [95.044, 1.149], [93.064, 1.516], [90.775, 1.969], [88.202, 2.474], [85.37, 3.001], [82.309, 3.524], [79.048, 4.03], [75.616, 4.511], [72.043, 4.963], [68.359, 5.386], [64.594, 5.779], [60.778, 6.14], [56.937, 6.467], [53.099, 6.751], [49.265, 6.988], [45.435, 7.172], [41.638, 7.295], [37.887, 7.352], [34.204, 7.339], [30.609, 7.255], [27.12, 7.097], [23.76, 6.866], [20.549, 6.561], [17.504, 6.182], [14.648, 5.731], [11.999, 5.21], [9.576, 4.629], [7.395, 4.003], [5.468, 3.354], [3.811, 2.698], [2.433, 2.052], [1.338, 1.433], [0.548, 0.852], [0.098, 0.322], [0.0, -0.019], [0.098, -0.312], [0.548, -0.634], [1.338, -0.868], [2.433, -1.036], [3.811, -1.15], [5.468, -1.21], [7.395, -1.207], [9.576, -1.136], [11.999, -0.996], [14.648, -0.785], [17.504, -0.51], [20.549, -0.179], [23.76, 0.191], [27.12, 0.586], [30.609, 0.988], [34.204, 1.379], [37.887, 1.741], [41.638, 2.06], [45.435, 2.324], [49.265, 2.526], [53.099, 2.661], [56.937, 2.732], [60.778, 2.74], [64.594, 2.692], [68.359, 2.594], [72.043, 2.456], [75.616, 2.287], [79.048, 2.088], [82.309, 1.858], [85.37, 1.598], [88.202, 1.317], [90.775, 1.033], [93.064, 0.765], [95.044, 0.528], [96.698, 0.332], [98.037, 0.179], [99.07, 0.075], [99.754, 0.017], [100.0, -0.001]], "goe383": [[100.0, 0.16], [94.857, 1.613], [89.708, 3.286], [79.431, 6.413], [69.181, 9.233], [58.959, 11.725], [48.775, 13.801], [38.68, 14.874], [28.669, 14.996], [18.79, 13.638], [13.909, 12.305], [9.093, 10.227], [6.721, 8.787], [4.362, 7.197], [2.041, 5.181], [0.913, 3.811], [0.002, 0.0], [1.485, -2.578], [2.786, -3.203], [5.346, -3.885], [7.892, -4.399], [10.42, -4.715], [15.446, -5.058], [20.468, -5.253], [30.46, -5.165], [40.432, -4.86], [50.388, -4.356], [60.328, -3.683], [70.249, -2.802], [80.17099, -1.921], [90.092, -1.04], [95.053, -0.599], [100.0, -0.16]], "goe387": [[100.0, 0.0], [95.0, 1.447], [90.0, 2.795], [80.0, 5.39], [70.0, 7.835], [60.0, 9.98], [50.0, 11.675], [40.0, 12.62], [30.0, 12.765], [20.0, 11.81], [15.0, 10.658], [10.0, 9.055], [7.5, 7.879], [5.0, 6.452], [2.5, 4.526], [1.25, 3.088], [0.0, 0.0], [1.25, -1.862], [2.5, -2.174], [5.0, -2.497], [7.5, -2.721], [10.0, -2.795], [15.0, -2.743], [20.0, -2.59], [30.0, -2.085], [40.0, -1.58], [50.0, -1.225], [60.0, -0.87], [70.0, -0.615], [80.0, -0.46], [90.0, -0.305], [95.0, -0.252], [100.0, 0.0]], "goe421": [[100.0, 0.105], [94.886, 2.634], [89.781, 5.084], [79.605, 9.145], [69.46499, 12.407], [59.357, 14.901], [49.287, 16.527], [39.262, 17.114], [29.28, 16.683], [19.356, 14.925], [14.435, 13.103], [9.533, 10.821], [7.097, 9.346], [4.679, 7.442], [2.293, 4.799], [1.118, 3.058], [0.0, 0.0], [1.325, -1.733], [2.605, -2.428], [5.135, -3.128], [7.651, -3.5], [10.16, -3.702], [15.163, -3.766], [20.143, -3.301], [30.097, -2.241], [40.047, -1.082], [50.011, -0.252], [59.989, 0.259], [69.97899, 0.48], [79.98, 0.461], [89.989, 0.263], [94.995, 0.109], [100.0, -0.105]], "m2": [[100.0, 0.2], [95.0, 0.6], [90.0, 1.15], [80.0, 1.99], [70.0, 2.71], [60.0, 3.3], [50.0, 3.74], [40.0, 4.0], [30.0, 4.0], [25.0, 3.78], [20.0, 3.49], [15.0, 3.18], [10.0, 2.84], [5.0, 2.33], [2.5, 1.74], [1.25, 1.3], [0.0, 0.0], [1.25, -1.3], [2.5, -1.74], [5.0, -2.33], [10.0, -2.84], [15.0, -3.18], [20.0, -3.49], [25.0, -3.78], [30.0, -4.0], [40.0, -4.0], [50.0, -3.74], [60.0, -3.3], [70.0, -2.71], [80.0, -1.99], [90.0, -1.15], [95.0, -0.6], [100.0, -0.2]], "usa28": [[100.0, 0.0], [94.983, 1.751], [89.972, 2.902], [79.952, 4.904], [69.934, 6.755], [59.92, 8.157], [49.909, 9.259], [39.906, 9.601], [29.906, 9.543], [19.917, 8.445], [14.927, 7.436], [9.941, 6.047], [7.45, 5.143], [4.96, 4.049], [2.474, 2.634], [1.233, 1.732], [0.0, 0.0], [1.267, -1.718], [2.523, -2.335], [5.03, -3.061], [7.535, -3.556], [10.039, -3.942], [15.041, -4.163], [20.041, -4.164], [30.035, -3.616], [40.024, -2.498], [50.017, -1.75], [60.014, -1.442], [70.012, -1.184], [80.009, -0.946], [90.008, -0.848], [95.005, -0.549], [100.0, 0.0]], "usa46": [[100.0, 0.0], [94.999, 0.693], [89.998, 1.256], [79.997, 2.342], [69.995, 3.328], [59.994, 4.144], [49.993, 4.77], [39.993, 5.216], [29.993, 5.242], [19.993, 4.928], [14.994, 4.481], [9.995, 3.704], [7.496, 3.21], [4.996, 2.537], [2.498, 1.703], [1.248, 1.102], [0.0, 0.0], [1.251, -0.998], [2.502, -1.396], [5.002, -1.763], [7.503, -1.929], [10.003, -1.986], [15.003, -1.819], [20.002, -1.612], [30.002, -1.258], [40.001, -0.884], [50.001, -0.5], [60.0, -0.116], [70.0, 0.258], [79.999, 0.572], [90.0, 0.356], [95.0, 0.133], [100.0, 0.0]]}
